"id","image_url","location","track"
"1","https://firebasestorage.googleapis.com/v0/b/jtm-cuisine.appspot.com/o/BlurApp%20Icons%2FAmboy-badlandsTraverse.png?alt=media&token=dc4d07cc-5e43-4e16-b1d0-dc32bed8aeaf","Amboy","Badlands Traverse"
"2","https://firebasestorage.googleapis.com/v0/b/jtm-cuisine.appspot.com/o/BlurApp%20Icons%2FAmboy-Route66.png?alt=media&token=03c6e87a-9f21-4abf-8ba9-971c7fd565c5","Amboy","Route 66"
"3","https://firebasestorage.googleapis.com/v0/b/jtm-cuisine.appspot.com/o/BlurApp%20Icons%2FBarcelonaGracia-CatalanClimb.png?alt=media&token=4d7c1023-b209-40da-9e49-afce5565d1dc","Barcelona Garcia","Catalan Climb"
"4","https://firebasestorage.googleapis.com/v0/b/jtm-cuisine.appspot.com/o/BlurApp%20Icons%2FBarcelonaGracia-ElCarmelHeights.png?alt=media&token=9973ad8f-d038-4b9f-b9f5-098d77dc225f","Barcelona Gracia","El Carmel Heights"
"5","https://firebasestorage.googleapis.com/v0/b/jtm-cuisine.appspot.com/o/BlurApp%20Icons%2FBarcelonaGracia-PasseigdeGracia.png?alt=media&token=32d94552-e3d2-4554-948d-37f46f91a74f","Barcelona Garcia","Passeig de Gracia"
"6","https://firebasestorage.googleapis.com/v0/b/jtm-cuisine.appspot.com/o/BlurApp%20Icons%2FBarcelonaOval-CityBreach.png?alt=media&token=5152ab84-128f-44d6-b2c6-fede7ec35285","Barcelona Oval","City Breach"
"7","https://firebasestorage.googleapis.com/v0/b/jtm-cuisine.appspot.com/o/BlurApp%20Icons%2FBarcelonaOval-Speedway.png?alt=media&token=c09246cd-f733-48de-b6d3-831f4c478d9c","Barcelona Oval","Speedway"
"8","https://firebasestorage.googleapis.com/v0/b/jtm-cuisine.appspot.com/o/BlurApp%20Icons%2FBrighton-CoastalCruise.png?alt=media&token=29895549-9efe-4a72-a623-0ae175cb5ef7","Brighton","Coastal Cruise"
"9","https://firebasestorage.googleapis.com/v0/b/jtm-cuisine.appspot.com/o/BlurApp%20Icons%2FBrighton-PromenadeLoop.png?alt=media&token=407b683d-5f47-4363-8971-8410e7dca36e","Brighton","Promenade Loop"
"10","https://firebasestorage.googleapis.com/v0/b/jtm-cuisine.appspot.com/o/BlurApp%20Icons%2FBrighton-SeafrontStrip.png?alt=media&token=753c2258-847a-4cb8-8349-8da4229b45c8","Brighton","Seafront Strip"
"11","https://firebasestorage.googleapis.com/v0/b/jtm-cuisine.appspot.com/o/BlurApp%20Icons%2FHackney-CentralSprint.png?alt=media&token=d5c01796-7769-40c0-ba58-d8badd5466cf","Hackney","Central Sprint"
"12","https://firebasestorage.googleapis.com/v0/b/jtm-cuisine.appspot.com/o/BlurApp%20Icons%2FHackney-ShoreditchSweep.png?alt=media&token=d90ad9c8-5455-4b68-a58f-6556f1ecbe95","Hackney","Shoreditch Sweep"
"13","https://firebasestorage.googleapis.com/v0/b/jtm-cuisine.appspot.com/o/BlurApp%20Icons%2FHackney-UrbanBelt.png?alt=media&token=9125a8ca-9aba-46ed-932c-6ac025718006","Hackney","Urban Belt"
"14","https://firebasestorage.googleapis.com/v0/b/jtm-cuisine.appspot.com/o/BlurApp%20Icons%2FHollywoodHills-DowntownVista.png?alt=media&token=9339f6bc-435d-4542-87e7-890450098515","Hollywood Hills","Downtown Vista"
"15","https://firebasestorage.googleapis.com/v0/b/jtm-cuisine.appspot.com/o/BlurApp%20Icons%2FHollywoodHills-HollywoodRift.png?alt=media&token=2f9137cd-6b94-4efb-b5a6-9d082753b2f3","Hollywood Hills","Hollywood Rift"
"16","https://firebasestorage.googleapis.com/v0/b/jtm-cuisine.appspot.com/o/BlurApp%20Icons%2FLADocks-CargoRun.png?alt=media&token=100e35e6-fec5-4cef-9e80-d2e15cd2febf","LA Docks","Cargo Run"
"17","https://firebasestorage.googleapis.com/v0/b/jtm-cuisine.appspot.com/o/BlurApp%20Icons%2FLADocks-PacificReach.png?alt=media&token=312b19df-ebe4-458c-84aa-432a736eed64","LA Docks","Pacific Reach"
"18","https://firebasestorage.googleapis.com/v0/b/jtm-cuisine.appspot.com/o/BlurApp%20Icons%2FLADowntown-HarborFreway.png?alt=media&token=3a9d7206-1c09-428e-aea9-f87268683227","LA Downtown","Harbor Freeway"
"19","https://firebasestorage.googleapis.com/v0/b/jtm-cuisine.appspot.com/o/BlurApp%20Icons%2FLADowntown-HighriseRing.png?alt=media&token=f34e0090-bd7a-4d4e-9b1c-8e60d6da8ea4","LA Downtown","Highrise Ring"
"20","https://firebasestorage.googleapis.com/v0/b/jtm-cuisine.appspot.com/o/BlurApp%20Icons%2FLADowntown-TheMoneyRun.png?alt=media&token=b55229a2-d099-4165-b498-23ca01207f29","LA Downtown","The Money Run"
"21","https://firebasestorage.googleapis.com/v0/b/jtm-cuisine.appspot.com/o/BlurApp%20Icons%2FLARiver-ConcreteBasin.png?alt=media&token=df96a971-0998-46ad-a7a1-e7eba983655a","LA River","Concrete Basin"
"22","https://firebasestorage.googleapis.com/v0/b/jtm-cuisine.appspot.com/o/BlurApp%20Icons%2FLARiver-StormdrainSurge.png?alt=media&token=f97171cb-3291-40a2-b19c-b713b5c8ebb3","LA River","Stormdrain Surge"
"23","https://firebasestorage.googleapis.com/v0/b/jtm-cuisine.appspot.com/o/BlurApp%20Icons%2FMountHaruna-Descent.png?alt=media&token=15c22c0d-6e57-4c8f-b218-7bba22ee600c","Mount Haruna","Descent"
"24","https://firebasestorage.googleapis.com/v0/b/jtm-cuisine.appspot.com/o/BlurApp%20Icons%2FNYDumbo-BrooklynTour.png?alt=media&token=555c86ab-36ca-492d-ab45-9d78134aabdf","NY Dumbo","Brooklyn Tour"
"25","https://firebasestorage.googleapis.com/v0/b/jtm-cuisine.appspot.com/o/BlurApp%20Icons%2FNYDumbo-ManhattanView.png?alt=media&token=ee9cc357-2e1a-4864-a582-896897f9201f","NY Dumbo","Manhattan View"
"26","https://firebasestorage.googleapis.com/v0/b/jtm-cuisine.appspot.com/o/BlurApp%20Icons%2FSanFranRussianHill-RussianSteppes.png?alt=media&token=9b3e2eac-f9b2-43be-98b2-86ba39743959","SanFran Russian Hill","Russian Steppes"
"27","https://firebasestorage.googleapis.com/v0/b/jtm-cuisine.appspot.com/o/BlurApp%20Icons%2FSanFranSausalito-BayAreaTour.png?alt=media&token=b0fcc3e3-c248-4ad4-b223-838aba033603","SanFran Sausalito","Bay Area Tour"
"28","https://firebasestorage.googleapis.com/v0/b/jtm-cuisine.appspot.com/o/BlurApp%20Icons%2FSanFranSausalito-GoldenGateRush.png?alt=media&token=b52946f0-5ecf-48a8-9da9-f64d3322b496","SanFran Sausalito","Golden Gate Rush"
"29","https://firebasestorage.googleapis.com/v0/b/jtm-cuisine.appspot.com/o/BlurApp%20Icons%2FTokyoShutoko-BayshoreRoute.png?alt=media&token=cc473ca9-e8eb-44a3-b997-83788d510052","Tokyo Shutoko","Bayshore Route"
"30","https://firebasestorage.googleapis.com/v0/b/jtm-cuisine.appspot.com/o/BlurApp%20Icons%2FTokyoShutoko-Wangan-sen.png?alt=media&token=14b27b90-4c35-486b-a94b-40c84b58407b","Tokyo Shutoko","Wangan-sen"